a,b
1234567890123456,1234567890123457
1234567890123456,1234567890123458
1234567890123456,1234567890123459
1234567890123456,1234567890123460
1234567890123456,1234567890123462
1234567890123456,1234567890123464
1234567890123456,1234567890123468
1234567890123456,1234567890123472
1234567890123456,1234567890123480
1234567890123456,1234567890123488
1234567890123456,1234567890123504
1234567890123456,1234567890123520
1234567890123456,1234567890123584
1234567890123456,1234567890123712
1234567890123456,1234567890123968
1234567890123456,1234567890124480
8999999999999998,8999999999999999
8999999999999998,9000000000000000
8999999999999998,9000000000000001
8999999999999998,9000000000000002
8999999999999998,9000000000000004
8999999999999998,9000000000000006
8999999999999998,9000000000000010
8999999999999998,9000000000000014
8999999999999998,9000000000000022
8999999999999998,9000000000000030
8999999999999998,9000000000000046
8999999999999998,9000000000000062
8999999999999998,9000000000000126
8999999999999998,9000000000000254
8999999999999998,9000000000000510
8999999999999998,9000000000001022
9007199254740994,9007199254740995
9007199254740994,9007199254740996
9007199254740994,9007199254740997
9007199254740994,9007199254740998
9007199254740994,9007199254741000
9007199254740994,9007199254741002
9007199254740994,9007199254741006
9007199254740994,9007199254741010
9007199254740994,9007199254741018
9007199254740994,9007199254741026
9007199254740994,9007199254741042
9007199254740994,9007199254741058
9007199254740994,9007199254741122
9007199254740994,9007199254741250
9007199254740994,9007199254741506
9007199254740994,9007199254742018
9999410431301254,9999410431301255
9999410431301254,9999410431301256
9999410431301254,9999410431301257
9999410431301254,9999410431301258
9999410431301254,9999410431301260
9999410431301254,9999410431301262
9999410431301254,9999410431301266
9999410431301254,9999410431301270
9999410431301254,9999410431301278
9999410431301254,9999410431301286
9999410431301254,9999410431301302
9999410431301254,9999410431301318
9999410431301254,9999410431301382
9999410431301254,9999410431301510
9999410431301254,9999410431301766
9999410431301254,9999410431302278
99999999999999998,99999999999999999
99999999999999998,100000000000000000
99999999999999998,100000000000000001
99999999999999998,100000000000000002
99999999999999998,100000000000000004
99999999999999998,100000000000000006
99999999999999998,100000000000000010
99999999999999998,100000000000000014
99999999999999998,100000000000000022
99999999999999998,100000000000000030
99999999999999998,100000000000000046
99999999999999998,100000000000000062
99999999999999998,100000000000000126
99999999999999998,100000000000000254
99999999999999998,100000000000000510
99999999999999998,100000000000001022
